window_start,window_end,bot_id,strategy_type,risk_profile,market_regime,trade_count,buy_count,sell_count,net_position,cash,equity,pnl,drawdown,fill_rate,avg_trade_size,avg_execution_price,price_volatility,recommended_for_future
2026-04-30T19:00:49.708333+00:00,2026-04-30T19:01:20.415456+00:00,baseline-bot,baseline_random,low,TREND_DOWN,11,4,7,-11.0,101103.81,100000.51,0.51,0.0,1.0,3.3636,100.6773,0.371484,True
2026-04-30T19:00:49.708333+00:00,2026-04-30T19:01:20.415456+00:00,mean-reversion-bot,mean_reversion,medium,TREND_DOWN,18,9,9,0.0,100022.71,100022.71,22.71,0.0,1.0,3.0,100.4072,0.371484,True
2026-04-30T19:00:49.708333+00:00,2026-04-30T19:01:20.415456+00:00,momentum-bot,momentum,medium,TREND_DOWN,30,18,12,18.0,98160.79,99966.19,-33.81,33.81,1.0,3.0,100.395,0.371484,False
2026-04-30T19:01:20.416514+00:00,2026-04-30T19:01:50.571550+00:00,baseline-bot,baseline_random,low,TREND_DOWN,11,4,7,-15.0,101504.52,100000.02,0.02,0.49,1.0,3.4545,100.5864,0.372006,True
2026-04-30T19:01:20.416514+00:00,2026-04-30T19:01:50.571550+00:00,mean-reversion-bot,mean_reversion,medium,TREND_DOWN,18,9,9,0.0,100045.42,100045.42,45.42,0.0,1.0,3.0,100.4083,0.372006,True
2026-04-30T19:01:20.416514+00:00,2026-04-30T19:01:50.571550+00:00,momentum-bot,momentum,medium,TREND_DOWN,30,18,12,36.0,96321.67,99932.47,-67.53,67.53,1.0,3.0,100.3947,0.372006,False
2026-04-30T19:01:50.572689+00:00,2026-04-30T19:02:20.715328+00:00,baseline-bot,baseline_random,low,TREND_DOWN,15,10,5,-1.0,100102.71,100002.41,2.41,0.0,1.0,2.6667,100.4433,0.372006,True
2026-04-30T19:01:50.572689+00:00,2026-04-30T19:02:20.715328+00:00,mean-reversion-bot,mean_reversion,medium,TREND_DOWN,18,9,9,0.0,100067.98,100067.98,67.98,0.0,1.0,3.0,100.41,0.372006,True
2026-04-30T19:01:50.572689+00:00,2026-04-30T19:02:20.715328+00:00,momentum-bot,momentum,medium,TREND_DOWN,30,18,12,54.0,94482.34,99898.54,-101.46,101.46,1.0,3.0,100.3943,0.372006,False
2026-04-30T19:02:20.716642+00:00,2026-04-30T19:02:50.869860+00:00,baseline-bot,baseline_random,low,TREND_DOWN,13,5,8,-3.0,100303.81,100002.91,2.91,0.0,1.0,2.3077,100.3223,0.372006,True
2026-04-30T19:02:20.716642+00:00,2026-04-30T19:02:50.869860+00:00,mean-reversion-bot,mean_reversion,medium,TREND_DOWN,18,9,9,0.0,100090.75,100090.75,90.75,0.0,1.0,3.0,100.4094,0.372006,True
2026-04-30T19:02:20.716642+00:00,2026-04-30T19:02:50.869860+00:00,momentum-bot,momentum,medium,TREND_DOWN,30,18,12,72.0,92643.16,99864.76,-135.24,135.24,1.0,3.0,100.3953,0.372006,False
2026-04-30T19:02:50.871281+00:00,2026-04-30T19:03:21.001918+00:00,baseline-bot,baseline_random,low,TREND_DOWN,6,4,2,3.0,99702.98,100003.88,3.88,0.0,1.0,2.0,100.495,0.372006,True
2026-04-30T19:02:50.871281+00:00,2026-04-30T19:03:21.001918+00:00,mean-reversion-bot,mean_reversion,medium,TREND_DOWN,18,9,9,0.0,100113.4,100113.4,113.4,0.0,1.0,3.0,100.4072,0.372006,True
2026-04-30T19:02:50.871281+00:00,2026-04-30T19:03:21.001918+00:00,momentum-bot,momentum,medium,TREND_DOWN,30,18,12,90.0,90803.86,99830.86,-169.14,169.14,1.0,3.0,100.3953,0.372006,False
2026-04-30T19:03:21.002967+00:00,2026-04-30T19:03:51.146281+00:00,baseline-bot,baseline_random,low,TREND_DOWN,9,7,2,14.0,98593.47,99997.67,-2.33,6.21,1.0,2.7778,100.2222,0.372006,False
2026-04-30T19:03:21.002967+00:00,2026-04-30T19:03:51.146281+00:00,mean-reversion-bot,mean_reversion,medium,TREND_DOWN,18,9,9,0.0,100136.17,100136.17,136.17,0.0,1.0,3.0,100.4094,0.372006,True
2026-04-30T19:03:21.002967+00:00,2026-04-30T19:03:51.146281+00:00,momentum-bot,momentum,medium,TREND_DOWN,30,18,12,108.0,88964.65,99797.05,-202.95,202.95,1.0,3.0,100.3957,0.372006,False
2026-04-30T19:03:51.147188+00:00,2026-04-30T19:04:21.282239+00:00,baseline-bot,baseline_random,low,TREND_DOWN,8,4,4,15.0,98497.72,100002.22,2.22,1.66,1.0,2.875,100.4188,0.372006,True
2026-04-30T19:03:51.147188+00:00,2026-04-30T19:04:21.282239+00:00,mean-reversion-bot,mean_reversion,medium,TREND_DOWN,18,9,9,0.0,100158.88,100158.88,158.88,0.0,1.0,3.0,100.4072,0.372006,True
2026-04-30T19:03:51.147188+00:00,2026-04-30T19:04:21.282239+00:00,momentum-bot,momentum,medium,TREND_DOWN,30,18,12,126.0,87125.5,99763.3,-236.7,236.7,1.0,3.0,100.397,0.372006,False
2026-04-30T19:04:21.284145+00:00,2026-04-30T19:04:51.425747+00:00,baseline-bot,baseline_random,low,TREND_DOWN,9,8,1,37.0,96286.71,99997.81,-2.19,6.07,1.0,2.8889,100.4478,0.372006,False
2026-04-30T19:04:21.284145+00:00,2026-04-30T19:04:51.425747+00:00,mean-reversion-bot,mean_reversion,medium,TREND_DOWN,18,9,9,0.0,100181.5,100181.5,181.5,0.0,1.0,3.0,100.4067,0.372006,True
2026-04-30T19:04:21.284145+00:00,2026-04-30T19:04:51.425747+00:00,momentum-bot,momentum,medium,TREND_DOWN,30,18,12,144.0,85286.29,99729.49,-270.51,270.51,1.0,3.0,100.3963,0.372006,False
2026-04-30T19:04:51.435036+00:00,2026-04-30T19:05:21.571045+00:00,baseline-bot,baseline_random,low,TREND_DOWN,8,5,3,41.0,95885.66,99997.96,-2.04,5.92,1.0,1.5,100.4663,0.372006,False
2026-04-30T19:04:51.435036+00:00,2026-04-30T19:05:21.571045+00:00,mean-reversion-bot,mean_reversion,medium,TREND_DOWN,18,9,9,0.0,100204.12,100204.12,204.12,0.0,1.0,3.0,100.4078,0.372006,True
2026-04-30T19:04:51.435036+00:00,2026-04-30T19:05:21.571045+00:00,momentum-bot,momentum,medium,TREND_DOWN,30,18,12,162.0,83447.05,99695.65,-304.35,304.35,1.0,3.0,100.3947,0.372006,False
2026-04-30T19:05:21.572479+00:00,2026-04-30T19:05:51.706483+00:00,baseline-bot,baseline_random,low,TREND_DOWN,11,6,5,48.0,95187.5,100001.9,1.9,1.98,1.0,2.8182,100.3691,0.372006,True
2026-04-30T19:05:21.572479+00:00,2026-04-30T19:05:51.706483+00:00,mean-reversion-bot,mean_reversion,medium,TREND_DOWN,18,9,9,0.0,100226.83,100226.83,226.83,0.0,1.0,3.0,100.4083,0.372006,True
2026-04-30T19:05:21.572479+00:00,2026-04-30T19:05:51.706483+00:00,momentum-bot,momentum,medium,TREND_DOWN,30,18,12,180.0,81607.9,99661.9,-338.1,338.1,1.0,3.0,100.395,0.372006,False
2026-04-30T19:05:51.707821+00:00,2026-04-30T19:06:21.840876+00:00,baseline-bot,baseline_random,low,TREND_DOWN,15,5,10,47.0,95284.52,99998.62,-1.38,5.26,1.0,3.0,100.4553,0.372006,False
2026-04-30T19:05:51.707821+00:00,2026-04-30T19:06:21.840876+00:00,mean-reversion-bot,mean_reversion,medium,TREND_DOWN,18,9,9,0.0,100249.45,100249.45,249.45,0.0,1.0,3.0,100.4067,0.372006,True
2026-04-30T19:05:51.707821+00:00,2026-04-30T19:06:21.840876+00:00,momentum-bot,momentum,medium,TREND_DOWN,30,18,12,198.0,79768.51,99627.91,-372.09,372.09,1.0,3.0,100.3963,0.372006,False
2026-04-30T19:06:21.842043+00:00,2026-04-30T19:06:51.982751+00:00,baseline-bot,baseline_random,low,TREND_DOWN,6,2,4,44.0,95587.86,100001.06,1.06,2.82,1.0,3.8333,100.4783,0.372006,True
2026-04-30T19:06:21.842043+00:00,2026-04-30T19:06:51.982751+00:00,mean-reversion-bot,mean_reversion,medium,TREND_DOWN,18,9,9,0.0,100272.22,100272.22,272.22,0.0,1.0,3.0,100.4072,0.372006,True
2026-04-30T19:06:21.842043+00:00,2026-04-30T19:06:51.982751+00:00,momentum-bot,momentum,medium,TREND_DOWN,30,18,12,216.0,77929.42,99594.22,-405.78,405.78,1.0,3.0,100.3963,0.372006,False
2026-04-30T19:06:51.983990+00:00,2026-04-30T19:07:22.130301+00:00,baseline-bot,baseline_random,low,TREND_DOWN,9,2,7,33.0,96694.24,100004.14,4.14,0.0,1.0,2.7778,100.4822,0.372006,True
2026-04-30T19:06:51.983990+00:00,2026-04-30T19:07:22.130301+00:00,mean-reversion-bot,mean_reversion,medium,TREND_DOWN,18,9,9,0.0,100294.87,100294.87,294.87,0.0,1.0,3.0,100.4083,0.372006,True
2026-04-30T19:06:51.983990+00:00,2026-04-30T19:07:22.130301+00:00,momentum-bot,momentum,medium,TREND_DOWN,30,18,12,234.0,76090.15,99560.35,-439.65,439.65,1.0,3.0,100.395,0.372006,False
2026-04-30T19:07:22.131235+00:00,2026-04-30T19:07:52.277368+00:00,baseline-bot,baseline_random,low,TREND_DOWN,9,4,5,37.0,96291.27,100002.37,2.37,1.77,1.0,2.4444,100.34,0.372006,True
2026-04-30T19:07:22.131235+00:00,2026-04-30T19:07:52.277368+00:00,mean-reversion-bot,mean_reversion,medium,TREND_DOWN,18,9,9,0.0,100317.4,100317.4,317.4,0.0,1.0,3.0,100.4083,0.372006,True
2026-04-30T19:07:22.131235+00:00,2026-04-30T19:07:52.277368+00:00,momentum-bot,momentum,medium,TREND_DOWN,30,18,12,252.0,74250.82,99526.42,-473.58,473.58,1.0,3.0,100.395,0.372006,False
2026-04-30T19:07:52.278222+00:00,2026-04-30T19:08:22.423595+00:00,baseline-bot,baseline_random,low,TREND_DOWN,10,5,5,51.0,94898.61,100013.91,13.91,0.0,1.0,3.0,100.163,0.372006,True
2026-04-30T19:07:52.278222+00:00,2026-04-30T19:08:22.423595+00:00,mean-reversion-bot,mean_reversion,medium,TREND_DOWN,18,9,9,0.0,100340.05,100340.05,340.05,0.0,1.0,3.0,100.405,0.372006,True
2026-04-30T19:07:52.278222+00:00,2026-04-30T19:08:22.423595+00:00,momentum-bot,momentum,medium,TREND_DOWN,30,18,12,270.0,72411.64,99492.64,-507.36,507.36,1.0,3.0,100.398,0.372006,False
2026-04-30T19:08:22.424815+00:00,2026-04-30T19:08:52.565173+00:00,baseline-bot,baseline_random,low,TREND_DOWN,6,3,3,52.0,94795.59,100011.19,11.19,2.72,1.0,2.8333,100.6633,0.372006,True
2026-04-30T19:08:22.424815+00:00,2026-04-30T19:08:52.565173+00:00,mean-reversion-bot,mean_reversion,medium,TREND_DOWN,18,9,9,0.0,100362.85,100362.85,362.85,0.0,1.0,3.0,100.41,0.372006,True
2026-04-30T19:08:22.424815+00:00,2026-04-30T19:08:52.565173+00:00,momentum-bot,momentum,medium,TREND_DOWN,30,18,12,288.0,70572.4,99458.8,-541.2,541.2,1.0,3.0,100.3947,0.372006,False
2026-04-30T19:39:42.190624+00:00,2026-04-30T19:40:13.089522+00:00,baseline-bot,baseline_random,low,TREND_UP,2,1,1,-1.0,100100.73,100000.18,0.18,0.0,1.0,1.5,99.905,0.37137,True
2026-04-30T19:39:42.190624+00:00,2026-04-30T19:40:13.089522+00:00,mean-reversion-bot,mean_reversion,medium,TREND_UP,32,17,15,6.0,99412.84,100016.14,16.14,0.0,1.0,3.0,100.3781,0.37137,True
2026-04-30T19:39:42.190624+00:00,2026-04-30T19:40:13.089522+00:00,momentum-bot,momentum,medium,TREND_UP,7,2,5,-9.0,100894.57,99989.62,-10.38,10.38,1.0,3.0,100.2529,0.37137,False
2026-04-30T19:40:13.091334+00:00,2026-04-30T19:40:43.245706+00:00,baseline-bot,baseline_random,low,TREND_UP,0,0,0,-1.0,100100.73,100000.18,0.18,0.0,0.0,0.0,0.0,0.37677,True
2026-04-30T19:40:13.091334+00:00,2026-04-30T19:40:43.245706+00:00,mean-reversion-bot,mean_reversion,medium,TREND_UP,6,3,3,6.0,99413.14,100016.44,16.44,0.0,1.0,3.0,100.36,0.37677,True
2026-04-30T19:40:13.091334+00:00,2026-04-30T19:40:43.245706+00:00,momentum-bot,momentum,medium,TREND_UP,0,0,0,-9.0,100894.57,99989.62,-10.38,10.38,0.0,0.0,0.0,0.37677,False
2026-04-30T19:40:43.247208+00:00,2026-04-30T19:41:13.385321+00:00,baseline-bot,baseline_random,low,TREND_UP,0,0,0,-1.0,100100.73,100000.18,0.18,0.0,0.0,0.0,0.0,0.37677,True
2026-04-30T19:40:43.247208+00:00,2026-04-30T19:41:13.385321+00:00,mean-reversion-bot,mean_reversion,medium,TREND_UP,6,3,3,6.0,99413.53,100016.83,16.83,0.0,1.0,3.0,100.355,0.37677,True
2026-04-30T19:40:43.247208+00:00,2026-04-30T19:41:13.385321+00:00,momentum-bot,momentum,medium,TREND_UP,0,0,0,-9.0,100894.57,99989.62,-10.38,10.38,0.0,0.0,0.0,0.37677,False
2026-04-30T19:41:13.386183+00:00,2026-04-30T19:41:43.526449+00:00,baseline-bot,baseline_random,low,TREND_UP,0,0,0,-1.0,100100.73,100000.18,0.18,0.0,0.0,0.0,0.0,0.37677,True
2026-04-30T19:41:13.386183+00:00,2026-04-30T19:41:43.526449+00:00,mean-reversion-bot,mean_reversion,medium,TREND_UP,6,3,3,6.0,99413.8,100017.1,17.1,0.0,1.0,3.0,100.3617,0.37677,True
2026-04-30T19:41:13.386183+00:00,2026-04-30T19:41:43.526449+00:00,momentum-bot,momentum,medium,TREND_UP,0,0,0,-9.0,100894.57,99989.62,-10.38,10.38,0.0,0.0,0.0,0.37677,False
2026-04-30T19:41:43.527411+00:00,2026-04-30T19:42:13.670851+00:00,baseline-bot,baseline_random,low,TREND_UP,0,0,0,-1.0,100100.73,100000.18,0.18,0.0,0.0,0.0,0.0,0.37677,True
2026-04-30T19:41:43.527411+00:00,2026-04-30T19:42:13.670851+00:00,mean-reversion-bot,mean_reversion,medium,TREND_UP,6,3,3,6.0,99414.19,100017.49,17.49,0.0,1.0,3.0,100.3583,0.37677,True
2026-04-30T19:41:43.527411+00:00,2026-04-30T19:42:13.670851+00:00,momentum-bot,momentum,medium,TREND_UP,0,0,0,-9.0,100894.57,99989.62,-10.38,10.38,0.0,0.0,0.0,0.37677,False
2026-04-30T19:42:13.671784+00:00,2026-04-30T19:42:43.806548+00:00,baseline-bot,baseline_random,low,TREND_UP,0,0,0,-1.0,100100.73,100000.18,0.18,0.0,0.0,0.0,0.0,0.37677,True
2026-04-30T19:42:13.671784+00:00,2026-04-30T19:42:43.806548+00:00,mean-reversion-bot,mean_reversion,medium,TREND_UP,6,3,3,6.0,99414.49,100017.79,17.79,0.0,1.0,3.0,100.3533,0.37677,True
2026-04-30T19:42:13.671784+00:00,2026-04-30T19:42:43.806548+00:00,momentum-bot,momentum,medium,TREND_UP,0,0,0,-9.0,100894.57,99989.62,-10.38,10.38,0.0,0.0,0.0,0.37677,False
2026-04-30T19:42:43.807566+00:00,2026-04-30T19:43:13.918761+00:00,baseline-bot,baseline_random,low,TREND_UP,0,0,0,-1.0,100100.73,100000.18,0.18,0.0,0.0,0.0,0.0,0.37677,True
2026-04-30T19:42:43.807566+00:00,2026-04-30T19:43:13.918761+00:00,mean-reversion-bot,mean_reversion,medium,TREND_UP,6,3,3,6.0,99414.79,100018.09,18.09,0.0,1.0,3.0,100.36,0.37677,True
2026-04-30T19:42:43.807566+00:00,2026-04-30T19:43:13.918761+00:00,momentum-bot,momentum,medium,TREND_UP,0,0,0,-9.0,100894.57,99989.62,-10.38,10.38,0.0,0.0,0.0,0.37677,False
2026-04-30T19:43:13.919644+00:00,2026-04-30T19:43:44.050275+00:00,baseline-bot,baseline_random,low,TREND_UP,0,0,0,-1.0,100100.73,100000.18,0.18,0.0,0.0,0.0,0.0,0.37677,True
2026-04-30T19:43:13.919644+00:00,2026-04-30T19:43:44.050275+00:00,mean-reversion-bot,mean_reversion,medium,TREND_UP,6,3,3,6.0,99415.12,100018.42,18.42,0.0,1.0,3.0,100.3583,0.37677,True
2026-04-30T19:43:13.919644+00:00,2026-04-30T19:43:44.050275+00:00,momentum-bot,momentum,medium,TREND_UP,0,0,0,-9.0,100894.57,99989.62,-10.38,10.38,0.0,0.0,0.0,0.37677,False
2026-04-30T19:43:44.051372+00:00,2026-04-30T19:44:14.198681+00:00,baseline-bot,baseline_random,low,TREND_UP,0,0,0,-1.0,100100.73,100000.18,0.18,0.0,0.0,0.0,0.0,0.37677,True
2026-04-30T19:43:44.051372+00:00,2026-04-30T19:44:14.198681+00:00,mean-reversion-bot,mean_reversion,medium,TREND_UP,6,3,3,6.0,99415.45,100018.75,18.75,0.0,1.0,3.0,100.355,0.37677,True
2026-04-30T19:43:44.051372+00:00,2026-04-30T19:44:14.198681+00:00,momentum-bot,momentum,medium,TREND_UP,0,0,0,-9.0,100894.57,99989.62,-10.38,10.38,0.0,0.0,0.0,0.37677,False
2026-04-30T19:44:14.199624+00:00,2026-04-30T19:44:44.341602+00:00,baseline-bot,baseline_random,low,TREND_UP,0,0,0,-1.0,100100.73,100000.18,0.18,0.0,0.0,0.0,0.0,0.37677,True
2026-04-30T19:44:14.199624+00:00,2026-04-30T19:44:44.341602+00:00,mean-reversion-bot,mean_reversion,medium,TREND_UP,6,3,3,6.0,99415.75,100019.05,19.05,0.0,1.0,3.0,100.36,0.37677,True
2026-04-30T19:44:14.199624+00:00,2026-04-30T19:44:44.341602+00:00,momentum-bot,momentum,medium,TREND_UP,0,0,0,-9.0,100894.57,99989.62,-10.38,10.38,0.0,0.0,0.0,0.37677,False
2026-04-30T19:44:44.342550+00:00,2026-04-30T19:45:11.690059+00:00,baseline-bot,baseline_random,low,TREND_DOWN,0,0,0,-1.0,100100.73,100001.13,1.13,0.0,0.0,0.0,0.0,0.377766,True
2026-04-30T19:44:44.342550+00:00,2026-04-30T19:45:11.690059+00:00,mean-reversion-bot,mean_reversion,medium,TREND_DOWN,6,3,3,6.0,99416.11,100013.71,13.71,5.34,1.0,3.0,100.3533,0.377766,True
2026-04-30T19:44:44.342550+00:00,2026-04-30T19:45:11.690059+00:00,momentum-bot,momentum,medium,TREND_DOWN,0,0,0,-9.0,100894.57,99998.17,-1.83,1.83,0.0,0.0,0.0,0.377766,False
2026-04-30T20:10:07.817985+00:00,2026-04-30T20:10:23.480216+00:00,baseline-bot,baseline_random,low,TREND_UP,21,8,13,-10.0,101008.08,100007.08,7.08,0.0,1.0,2.9524,100.4295,0.387298,True
2026-04-30T20:10:07.817985+00:00,2026-04-30T20:10:23.480216+00:00,mean-reversion-bot,mean_reversion,medium,TREND_UP,0,0,0,0.0,100000.0,100000.0,0.0,0.0,0.0,0.0,0.0,0.387298,False
2026-04-30T20:10:07.817985+00:00,2026-04-30T20:10:23.480216+00:00,momentum-bot,momentum,medium,TREND_UP,0,0,0,0.0,100000.0,100000.0,0.0,0.0,0.0,0.0,0.0,0.387298,False
2026-04-30T20:10:23.481264+00:00,2026-04-30T20:10:38.535137+00:00,baseline-bot,baseline_random,low,TREND_UP,5,2,3,-19.0,101908.88,99986.08,-13.92,21.0,1.0,3.0,100.582,0.356428,False
2026-04-30T20:10:23.481264+00:00,2026-04-30T20:10:38.535137+00:00,mean-reversion-bot,mean_reversion,medium,TREND_UP,0,0,0,0.0,100000.0,100000.0,0.0,0.0,0.0,0.0,0.0,0.356428,False
2026-04-30T20:10:23.481264+00:00,2026-04-30T20:10:38.535137+00:00,momentum-bot,momentum,medium,TREND_UP,0,0,0,0.0,100000.0,100000.0,0.0,0.0,0.0,0.0,0.0,0.356428,False
2026-04-30T20:10:38.535896+00:00,2026-04-30T20:10:53.606824+00:00,baseline-bot,baseline_random,low,TREND_DOWN,6,2,4,-22.0,102209.19,100006.99,6.99,0.09,1.0,1.5,100.27,0.38241,True
2026-04-30T20:10:38.535896+00:00,2026-04-30T20:10:53.606824+00:00,mean-reversion-bot,mean_reversion,medium,TREND_DOWN,0,0,0,0.0,100000.0,100000.0,0.0,0.0,0.0,0.0,0.0,0.38241,False
2026-04-30T20:10:38.535896+00:00,2026-04-30T20:10:53.606824+00:00,momentum-bot,momentum,medium,TREND_DOWN,0,0,0,0.0,100000.0,100000.0,0.0,0.0,0.0,0.0,0.0,0.38241,False
2026-04-30T20:10:53.611072+00:00,2026-04-30T20:11:08.680573+00:00,baseline-bot,baseline_random,low,TREND_UP,3,1,2,-22.0,102207.35,99980.95,-19.05,26.13,1.0,1.3333,100.2767,0.356428,False
2026-04-30T20:10:53.611072+00:00,2026-04-30T20:11:08.680573+00:00,mean-reversion-bot,mean_reversion,medium,TREND_UP,0,0,0,0.0,100000.0,100000.0,0.0,0.0,0.0,0.0,0.0,0.356428,False
2026-04-30T20:10:53.611072+00:00,2026-04-30T20:11:08.680573+00:00,momentum-bot,momentum,medium,TREND_UP,0,0,0,0.0,100000.0,100000.0,0.0,0.0,0.0,0.0,0.0,0.356428,False
2026-04-30T20:11:08.681523+00:00,2026-04-30T20:11:23.744437+00:00,baseline-bot,baseline_random,low,TREND_DOWN,6,4,2,-20.0,102006.66,100004.66,4.66,2.42,1.0,2.3333,100.2083,0.38241,True
2026-04-30T20:11:08.681523+00:00,2026-04-30T20:11:23.744437+00:00,mean-reversion-bot,mean_reversion,medium,TREND_DOWN,0,0,0,0.0,100000.0,100000.0,0.0,0.0,0.0,0.0,0.0,0.38241,False
2026-04-30T20:11:08.681523+00:00,2026-04-30T20:11:23.744437+00:00,momentum-bot,momentum,medium,TREND_DOWN,0,0,0,0.0,100000.0,100000.0,0.0,0.0,0.0,0.0,0.0,0.38241,False
2026-04-30T20:11:23.745390+00:00,2026-04-30T20:11:38.836486+00:00,baseline-bot,baseline_random,low,TREND_UP,5,1,4,-30.0,103009.69,99973.69,-26.31,33.39,1.0,2.8,100.508,0.356428,False
2026-04-30T20:11:23.745390+00:00,2026-04-30T20:11:38.836486+00:00,mean-reversion-bot,mean_reversion,medium,TREND_UP,0,0,0,0.0,100000.0,100000.0,0.0,0.0,0.0,0.0,0.0,0.356428,False
2026-04-30T20:11:23.745390+00:00,2026-04-30T20:11:38.836486+00:00,momentum-bot,momentum,medium,TREND_UP,0,0,0,0.0,100000.0,100000.0,0.0,0.0,0.0,0.0,0.0,0.356428,False
2026-04-30T20:11:38.836933+00:00,2026-04-30T20:11:53.895037+00:00,baseline-bot,baseline_random,low,TREND_DOWN,4,2,2,-26.0,102609.57,100006.97,6.97,0.11,1.0,4.0,100.635,0.38241,True
2026-04-30T20:11:38.836933+00:00,2026-04-30T20:11:53.895037+00:00,mean-reversion-bot,mean_reversion,medium,TREND_DOWN,0,0,0,0.0,100000.0,100000.0,0.0,0.0,0.0,0.0,0.0,0.38241,False
2026-04-30T20:11:38.836933+00:00,2026-04-30T20:11:53.895037+00:00,momentum-bot,momentum,medium,TREND_DOWN,0,0,0,0.0,100000.0,100000.0,0.0,0.0,0.0,0.0,0.0,0.38241,False
2026-04-30T20:11:53.895822+00:00,2026-04-30T20:12:08.965604+00:00,baseline-bot,baseline_random,low,TREND_UP,4,1,3,-39.0,103915.42,99968.62,-31.38,38.46,1.0,4.25,100.5025,0.356428,False
2026-04-30T20:11:53.895822+00:00,2026-04-30T20:12:08.965604+00:00,mean-reversion-bot,mean_reversion,medium,TREND_UP,0,0,0,0.0,100000.0,100000.0,0.0,0.0,0.0,0.0,0.0,0.356428,False
2026-04-30T20:11:53.895822+00:00,2026-04-30T20:12:08.965604+00:00,momentum-bot,momentum,medium,TREND_UP,0,0,0,0.0,100000.0,100000.0,0.0,0.0,0.0,0.0,0.0,0.356428,False
2026-04-30T20:12:08.966295+00:00,2026-04-30T20:12:24.033365+00:00,baseline-bot,baseline_random,low,TREND_DOWN,4,2,2,-39.0,103916.36,100012.46,12.46,0.0,1.0,1.5,100.265,0.38241,True
2026-04-30T20:12:08.966295+00:00,2026-04-30T20:12:24.033365+00:00,mean-reversion-bot,mean_reversion,medium,TREND_DOWN,0,0,0,0.0,100000.0,100000.0,0.0,0.0,0.0,0.0,0.0,0.38241,False
2026-04-30T20:12:08.966295+00:00,2026-04-30T20:12:24.033365+00:00,momentum-bot,momentum,medium,TREND_DOWN,0,0,0,0.0,100000.0,100000.0,0.0,0.0,0.0,0.0,0.0,0.38241,False
2026-04-30T20:12:24.034079+00:00,2026-04-30T20:12:39.091425+00:00,baseline-bot,baseline_random,low,TREND_UP,4,3,1,-35.0,103513.91,99971.91,-28.09,40.55,1.0,1.5,100.2275,0.356428,False
2026-04-30T20:12:24.034079+00:00,2026-04-30T20:12:39.091425+00:00,mean-reversion-bot,mean_reversion,medium,TREND_UP,0,0,0,0.0,100000.0,100000.0,0.0,0.0,0.0,0.0,0.0,0.356428,False
2026-04-30T20:12:24.034079+00:00,2026-04-30T20:12:39.091425+00:00,momentum-bot,momentum,medium,TREND_UP,0,0,0,0.0,100000.0,100000.0,0.0,0.0,0.0,0.0,0.0,0.356428,False
2026-04-30T20:12:39.092582+00:00,2026-04-30T20:12:54.161291+00:00,baseline-bot,baseline_random,low,TREND_DOWN,5,4,1,-33.0,103313.08,100009.78,9.78,2.68,1.0,2.4,100.614,0.38241,True
2026-04-30T20:12:39.092582+00:00,2026-04-30T20:12:54.161291+00:00,mean-reversion-bot,mean_reversion,medium,TREND_DOWN,0,0,0,0.0,100000.0,100000.0,0.0,0.0,0.0,0.0,0.0,0.38241,False
2026-04-30T20:12:39.092582+00:00,2026-04-30T20:12:54.161291+00:00,momentum-bot,momentum,medium,TREND_DOWN,0,0,0,0.0,100000.0,100000.0,0.0,0.0,0.0,0.0,0.0,0.38241,False
2026-04-30T20:12:54.162130+00:00,2026-04-30T20:13:09.236322+00:00,baseline-bot,baseline_random,low,TREND_UP,7,5,2,-20.0,102008.3,99984.3,-15.7,28.16,1.0,2.4286,100.5114,0.356428,False
2026-04-30T20:12:54.162130+00:00,2026-04-30T20:13:09.236322+00:00,mean-reversion-bot,mean_reversion,medium,TREND_UP,0,0,0,0.0,100000.0,100000.0,0.0,0.0,0.0,0.0,0.0,0.356428,False
2026-04-30T20:12:54.162130+00:00,2026-04-30T20:13:09.236322+00:00,momentum-bot,momentum,medium,TREND_UP,0,0,0,0.0,100000.0,100000.0,0.0,0.0,0.0,0.0,0.0,0.356428,False
2026-04-30T20:13:09.236858+00:00,2026-04-30T20:13:24.309152+00:00,baseline-bot,baseline_random,low,TREND_DOWN,5,3,2,-18.0,101807.88,100006.08,6.08,6.38,1.0,1.6,100.2,0.38241,True
2026-04-30T20:13:09.236858+00:00,2026-04-30T20:13:24.309152+00:00,mean-reversion-bot,mean_reversion,medium,TREND_DOWN,0,0,0,0.0,100000.0,100000.0,0.0,0.0,0.0,0.0,0.0,0.38241,False
2026-04-30T20:13:09.236858+00:00,2026-04-30T20:13:24.309152+00:00,momentum-bot,momentum,medium,TREND_DOWN,0,0,0,0.0,100000.0,100000.0,0.0,0.0,0.0,0.0,0.0,0.38241,False
2026-04-30T20:13:24.309950+00:00,2026-04-30T20:13:39.389397+00:00,baseline-bot,baseline_random,low,TREND_UP,7,3,4,-24.0,102405.45,99976.65,-23.35,35.81,1.0,3.1429,100.54,0.356428,False
2026-04-30T20:13:24.309950+00:00,2026-04-30T20:13:39.389397+00:00,mean-reversion-bot,mean_reversion,medium,TREND_UP,0,0,0,0.0,100000.0,100000.0,0.0,0.0,0.0,0.0,0.0,0.356428,False
2026-04-30T20:13:24.309950+00:00,2026-04-30T20:13:39.389397+00:00,momentum-bot,momentum,medium,TREND_UP,0,0,0,0.0,100000.0,100000.0,0.0,0.0,0.0,0.0,0.0,0.356428,False
2026-04-30T20:13:39.390686+00:00,2026-04-30T20:13:54.449039+00:00,baseline-bot,baseline_random,low,TREND_DOWN,7,4,3,-16.0,101604.66,100003.06,3.06,9.4,1.0,3.7143,100.48,0.38241,True
2026-04-30T20:13:39.390686+00:00,2026-04-30T20:13:54.449039+00:00,mean-reversion-bot,mean_reversion,medium,TREND_DOWN,0,0,0,0.0,100000.0,100000.0,0.0,0.0,0.0,0.0,0.0,0.38241,False
2026-04-30T20:13:39.390686+00:00,2026-04-30T20:13:54.449039+00:00,momentum-bot,momentum,medium,TREND_DOWN,0,0,0,0.0,100000.0,100000.0,0.0,0.0,0.0,0.0,0.0,0.38241,False
2026-04-30T20:13:54.449515+00:00,2026-04-30T20:14:09.523817+00:00,baseline-bot,baseline_random,low,TREND_UP,5,2,3,-9.0,100899.78,99988.98,-11.02,23.48,1.0,2.6,100.68,0.356428,False
2026-04-30T20:13:54.449515+00:00,2026-04-30T20:14:09.523817+00:00,mean-reversion-bot,mean_reversion,medium,TREND_UP,1,0,1,-3.0,100302.43,99998.83,-1.17,1.17,1.0,3.0,100.81,0.356428,False
2026-04-30T20:13:54.449515+00:00,2026-04-30T20:14:09.523817+00:00,momentum-bot,momentum,medium,TREND_UP,0,0,0,0.0,100000.0,100000.0,0.0,0.0,0.0,0.0,0.0,0.356428,False
2026-04-30T20:14:09.524595+00:00,2026-04-30T20:14:24.596032+00:00,baseline-bot,baseline_random,low,TREND_DOWN,0,0,0,-9.0,100899.78,99998.88,-1.12,13.58,0.0,0.0,0.0,0.38241,False
2026-04-30T20:14:09.524595+00:00,2026-04-30T20:14:24.596032+00:00,mean-reversion-bot,mean_reversion,medium,TREND_DOWN,10,6,4,3.0,99713.65,100013.95,13.95,0.0,1.0,3.0,100.358,0.38241,True
2026-04-30T20:14:09.524595+00:00,2026-04-30T20:14:24.596032+00:00,momentum-bot,momentum,medium,TREND_DOWN,0,0,0,0.0,100000.0,100000.0,0.0,0.0,0.0,0.0,0.0,0.38241,False
2026-04-30T20:14:24.596573+00:00,2026-04-30T20:14:39.680175+00:00,baseline-bot,baseline_random,low,TREND_UP,0,0,0,-9.0,100899.78,99988.98,-11.02,23.48,0.0,0.0,0.0,0.356428,False
2026-04-30T20:14:24.596573+00:00,2026-04-30T20:14:39.680175+00:00,mean-reversion-bot,mean_reversion,medium,TREND_UP,8,3,5,-3.0,100325.17,100021.57,21.57,0.0,1.0,3.0,100.47,0.356428,True
2026-04-30T20:14:24.596573+00:00,2026-04-30T20:14:39.680175+00:00,momentum-bot,momentum,medium,TREND_UP,0,0,0,0.0,100000.0,100000.0,0.0,0.0,0.0,0.0,0.0,0.356428,False
2026-04-30T20:14:39.681024+00:00,2026-04-30T20:14:54.744848+00:00,baseline-bot,baseline_random,low,TREND_DOWN,0,0,0,-9.0,100899.78,99998.88,-1.12,13.58,0.0,0.0,0.0,0.38241,False
2026-04-30T20:14:39.681024+00:00,2026-04-30T20:14:54.744848+00:00,mean-reversion-bot,mean_reversion,medium,TREND_DOWN,10,6,4,3.0,99736.3,100036.6,36.6,0.0,1.0,3.0,100.361,0.38241,True
2026-04-30T20:14:39.681024+00:00,2026-04-30T20:14:54.744848+00:00,momentum-bot,momentum,medium,TREND_DOWN,0,0,0,0.0,100000.0,100000.0,0.0,0.0,0.0,0.0,0.0,0.38241,False
2026-05-02T01:23:16.481401+00:00,2026-05-02T01:23:31.997277+00:00,baseline-bot,baseline_random,low,TREND_UP,13,5,8,-9.0,100901.1,99993.45,-6.55,6.55,1.0,2.3846,100.4362,0.368235,False
2026-05-02T01:23:16.481401+00:00,2026-05-02T01:23:31.997277+00:00,mean-reversion-bot,mean_reversion,medium,TREND_UP,0,0,0,0.0,100000.0,100000.0,0.0,0.0,0.0,0.0,0.0,0.368235,False
2026-05-02T01:23:16.481401+00:00,2026-05-02T01:23:31.997277+00:00,momentum-bot,momentum,medium,TREND_UP,0,0,0,0.0,100000.0,100000.0,0.0,0.0,0.0,0.0,0.0,0.368235,False
2026-05-02T01:23:31.998452+00:00,2026-05-02T01:23:47.062757+00:00,baseline-bot,baseline_random,low,TREND_DOWN,5,3,2,-9.0,100900.35,100003.95,3.95,0.0,1.0,1.6,100.55,0.363234,True
2026-05-02T01:23:31.998452+00:00,2026-05-02T01:23:47.062757+00:00,mean-reversion-bot,mean_reversion,medium,TREND_DOWN,0,0,0,0.0,100000.0,100000.0,0.0,0.0,0.0,0.0,0.0,0.363234,False
2026-05-02T01:23:31.998452+00:00,2026-05-02T01:23:47.062757+00:00,momentum-bot,momentum,medium,TREND_DOWN,0,0,0,0.0,100000.0,100000.0,0.0,0.0,0.0,0.0,0.0,0.363234,False
2026-05-02T01:23:47.063646+00:00,2026-05-02T01:24:02.129182+00:00,baseline-bot,baseline_random,low,TREND_UP,6,3,3,-8.0,100797.59,99990.79,-9.21,13.16,1.0,2.5,100.1733,0.348191,False
2026-05-02T01:23:47.063646+00:00,2026-05-02T01:24:02.129182+00:00,mean-reversion-bot,mean_reversion,medium,TREND_UP,0,0,0,0.0,100000.0,100000.0,0.0,0.0,0.0,0.0,0.0,0.348191,False
2026-05-02T01:23:47.063646+00:00,2026-05-02T01:24:02.129182+00:00,momentum-bot,momentum,medium,TREND_UP,0,0,0,0.0,100000.0,100000.0,0.0,0.0,0.0,0.0,0.0,0.348191,False
2026-05-02T01:24:02.129893+00:00,2026-05-02T01:24:17.191412+00:00,baseline-bot,baseline_random,low,TREND_DOWN,5,4,1,2.0,99787.51,99986.71,-13.29,17.24,1.0,2.8,100.632,0.363234,False
2026-05-02T01:24:02.129893+00:00,2026-05-02T01:24:17.191412+00:00,mean-reversion-bot,mean_reversion,medium,TREND_DOWN,0,0,0,0.0,100000.0,100000.0,0.0,0.0,0.0,0.0,0.0,0.363234,False
2026-05-02T01:24:02.129893+00:00,2026-05-02T01:24:17.191412+00:00,momentum-bot,momentum,medium,TREND_DOWN,0,0,0,0.0,100000.0,100000.0,0.0,0.0,0.0,0.0,0.0,0.363234,False
2026-05-02T01:24:17.192039+00:00,2026-05-02T01:24:32.269648+00:00,baseline-bot,baseline_random,low,TREND_UP,4,2,2,-1.0,100090.98,99990.13,-9.87,13.82,1.0,4.25,100.305,0.348191,False
2026-05-02T01:24:17.192039+00:00,2026-05-02T01:24:32.269648+00:00,mean-reversion-bot,mean_reversion,medium,TREND_UP,0,0,0,0.0,100000.0,100000.0,0.0,0.0,0.0,0.0,0.0,0.348191,False
2026-05-02T01:24:17.192039+00:00,2026-05-02T01:24:32.269648+00:00,momentum-bot,momentum,medium,TREND_UP,0,0,0,0.0,100000.0,100000.0,0.0,0.0,0.0,0.0,0.0,0.348191,False
2026-05-02T01:24:32.270437+00:00,2026-05-02T01:24:47.327677+00:00,baseline-bot,baseline_random,low,TREND_DOWN,4,2,2,-5.0,100494.91,99996.91,-3.09,7.04,1.0,4.0,100.5575,0.363234,False
2026-05-02T01:24:32.270437+00:00,2026-05-02T01:24:47.327677+00:00,mean-reversion-bot,mean_reversion,medium,TREND_DOWN,0,0,0,0.0,100000.0,100000.0,0.0,0.0,0.0,0.0,0.0,0.363234,False
2026-05-02T01:24:32.270437+00:00,2026-05-02T01:24:47.327677+00:00,momentum-bot,momentum,medium,TREND_DOWN,0,0,0,0.0,100000.0,100000.0,0.0,0.0,0.0,0.0,0.0,0.363234,False
2026-05-02T01:24:47.329130+00:00,2026-05-02T01:25:02.404470+00:00,baseline-bot,baseline_random,low,TREND_UP,5,2,3,-6.0,100591.41,99986.31,-13.69,17.64,1.0,3.0,100.41,0.348191,False
2026-05-02T01:24:47.329130+00:00,2026-05-02T01:25:02.404470+00:00,mean-reversion-bot,mean_reversion,medium,TREND_UP,0,0,0,0.0,100000.0,100000.0,0.0,0.0,0.0,0.0,0.0,0.348191,False
2026-05-02T01:24:47.329130+00:00,2026-05-02T01:25:02.404470+00:00,momentum-bot,momentum,medium,TREND_UP,0,0,0,0.0,100000.0,100000.0,0.0,0.0,0.0,0.0,0.0,0.348191,False
2026-05-02T01:25:02.405424+00:00,2026-05-02T01:25:17.478092+00:00,baseline-bot,baseline_random,low,TREND_DOWN,7,3,4,-7.0,100692.97,99995.77,-4.23,8.18,1.0,2.4286,100.3229,0.363234,False
2026-05-02T01:25:02.405424+00:00,2026-05-02T01:25:17.478092+00:00,mean-reversion-bot,mean_reversion,medium,TREND_DOWN,0,0,0,0.0,100000.0,100000.0,0.0,0.0,0.0,0.0,0.0,0.363234,False
2026-05-02T01:25:02.405424+00:00,2026-05-02T01:25:17.478092+00:00,momentum-bot,momentum,medium,TREND_DOWN,0,0,0,0.0,100000.0,100000.0,0.0,0.0,0.0,0.0,0.0,0.363234,False
2026-05-02T01:25:17.478665+00:00,2026-05-02T01:25:32.547936+00:00,baseline-bot,baseline_random,low,TREND_UP,6,3,3,-3.0,100292.14,99989.59,-10.41,14.36,1.0,3.3333,100.325,0.348191,False
2026-05-02T01:25:17.478665+00:00,2026-05-02T01:25:32.547936+00:00,mean-reversion-bot,mean_reversion,medium,TREND_UP,0,0,0,0.0,100000.0,100000.0,0.0,0.0,0.0,0.0,0.0,0.348191,False
2026-05-02T01:25:17.478665+00:00,2026-05-02T01:25:32.547936+00:00,momentum-bot,momentum,medium,TREND_UP,0,0,0,0.0,100000.0,100000.0,0.0,0.0,0.0,0.0,0.0,0.348191,False
2026-05-02T01:25:32.548661+00:00,2026-05-02T01:25:47.613856+00:00,baseline-bot,baseline_random,low,TREND_DOWN,4,1,3,-6.0,100588.6,99991.0,-9.0,12.95,1.0,3.25,100.5125,0.363234,False
2026-05-02T01:25:32.548661+00:00,2026-05-02T01:25:47.613856+00:00,mean-reversion-bot,mean_reversion,medium,TREND_DOWN,0,0,0,0.0,100000.0,100000.0,0.0,0.0,0.0,0.0,0.0,0.363234,False
2026-05-02T01:25:32.548661+00:00,2026-05-02T01:25:47.613856+00:00,momentum-bot,momentum,medium,TREND_DOWN,0,0,0,0.0,100000.0,100000.0,0.0,0.0,0.0,0.0,0.0,0.363234,False
2026-05-02T01:25:47.615391+00:00,2026-05-02T01:26:02.671962+00:00,baseline-bot,baseline_random,low,TREND_UP,5,2,3,-4.0,100386.05,99982.65,-17.35,21.3,1.0,3.6,100.39,0.348191,False
2026-05-02T01:25:47.615391+00:00,2026-05-02T01:26:02.671962+00:00,mean-reversion-bot,mean_reversion,medium,TREND_UP,0,0,0,0.0,100000.0,100000.0,0.0,0.0,0.0,0.0,0.0,0.348191,False
2026-05-02T01:25:47.615391+00:00,2026-05-02T01:26:02.671962+00:00,momentum-bot,momentum,medium,TREND_UP,0,0,0,0.0,100000.0,100000.0,0.0,0.0,0.0,0.0,0.0,0.348191,False
2026-05-02T01:26:02.672955+00:00,2026-05-02T01:26:17.743387+00:00,baseline-bot,baseline_random,low,TREND_DOWN,5,3,2,-3.0,100292.97,99994.17,-5.83,9.78,1.0,4.2,100.332,0.363234,False
2026-05-02T01:26:02.672955+00:00,2026-05-02T01:26:17.743387+00:00,mean-reversion-bot,mean_reversion,medium,TREND_DOWN,0,0,0,0.0,100000.0,100000.0,0.0,0.0,0.0,0.0,0.0,0.363234,False
2026-05-02T01:26:02.672955+00:00,2026-05-02T01:26:17.743387+00:00,momentum-bot,momentum,medium,TREND_DOWN,0,0,0,0.0,100000.0,100000.0,0.0,0.0,0.0,0.0,0.0,0.363234,False
2026-05-02T01:26:17.743640+00:00,2026-05-02T01:26:32.804816+00:00,baseline-bot,baseline_random,low,TREND_UP,7,5,2,-1.0,100083.97,99983.12,-16.88,20.83,1.0,3.1429,100.1929,0.348191,False
2026-05-02T01:26:17.743640+00:00,2026-05-02T01:26:32.804816+00:00,mean-reversion-bot,mean_reversion,medium,TREND_UP,0,0,0,0.0,100000.0,100000.0,0.0,0.0,0.0,0.0,0.0,0.348191,False
2026-05-02T01:26:17.743640+00:00,2026-05-02T01:26:32.804816+00:00,momentum-bot,momentum,medium,TREND_UP,0,0,0,0.0,100000.0,100000.0,0.0,0.0,0.0,0.0,0.0,0.348191,False
2026-05-02T01:26:32.805544+00:00,2026-05-02T01:26:47.879383+00:00,baseline-bot,baseline_random,low,TREND_DOWN,6,3,3,-2.0,100179.54,99980.34,-19.66,23.61,1.0,3.8333,100.38,0.363234,False
2026-05-02T01:26:32.805544+00:00,2026-05-02T01:26:47.879383+00:00,mean-reversion-bot,mean_reversion,medium,TREND_DOWN,0,0,0,0.0,100000.0,100000.0,0.0,0.0,0.0,0.0,0.0,0.363234,False
2026-05-02T01:26:32.805544+00:00,2026-05-02T01:26:47.879383+00:00,momentum-bot,momentum,medium,TREND_DOWN,0,0,0,0.0,100000.0,100000.0,0.0,0.0,0.0,0.0,0.0,0.363234,False
2026-05-02T01:26:47.880147+00:00,2026-05-02T01:27:02.952261+00:00,baseline-bot,baseline_random,low,TREND_UP,6,4,2,0.0,99981.1,99981.1,-18.9,22.85,1.0,2.3333,100.6533,0.348191,False
2026-05-02T01:26:47.880147+00:00,2026-05-02T01:27:02.952261+00:00,mean-reversion-bot,mean_reversion,medium,TREND_UP,0,0,0,0.0,100000.0,100000.0,0.0,0.0,0.0,0.0,0.0,0.348191,False
2026-05-02T01:26:47.880147+00:00,2026-05-02T01:27:02.952261+00:00,momentum-bot,momentum,medium,TREND_UP,0,0,0,0.0,100000.0,100000.0,0.0,0.0,0.0,0.0,0.0,0.348191,False
2026-05-02T01:27:02.952500+00:00,2026-05-02T01:27:18.028527+00:00,baseline-bot,baseline_random,low,TREND_DOWN,10,7,3,-1.0,100078.32,99978.72,-21.28,25.23,1.0,2.1,100.636,0.363234,False
2026-05-02T01:27:02.952500+00:00,2026-05-02T01:27:18.028527+00:00,mean-reversion-bot,mean_reversion,medium,TREND_DOWN,0,0,0,0.0,100000.0,100000.0,0.0,0.0,0.0,0.0,0.0,0.363234,False
2026-05-02T01:27:02.952500+00:00,2026-05-02T01:27:18.028527+00:00,momentum-bot,momentum,medium,TREND_DOWN,0,0,0,0.0,100000.0,100000.0,0.0,0.0,0.0,0.0,0.0,0.363234,False
2026-05-02T01:27:18.029602+00:00,2026-05-02T01:27:33.102721+00:00,baseline-bot,baseline_random,low,TREND_UP,4,1,3,-1.0,100077.17,99976.32,-23.68,27.63,1.0,2.5,100.1625,0.348191,False
2026-05-02T01:27:18.029602+00:00,2026-05-02T01:27:33.102721+00:00,mean-reversion-bot,mean_reversion,medium,TREND_UP,0,0,0,0.0,100000.0,100000.0,0.0,0.0,0.0,0.0,0.0,0.348191,False
2026-05-02T01:27:18.029602+00:00,2026-05-02T01:27:33.102721+00:00,momentum-bot,momentum,medium,TREND_UP,0,0,0,0.0,100000.0,100000.0,0.0,0.0,0.0,0.0,0.0,0.348191,False
2026-05-02T01:27:33.103625+00:00,2026-05-02T01:27:48.184715+00:00,baseline-bot,baseline_random,low,TREND_DOWN,7,4,3,5.0,99467.38,99965.38,-34.62,38.57,1.0,2.2857,100.4614,0.363234,False
2026-05-02T01:27:33.103625+00:00,2026-05-02T01:27:48.184715+00:00,mean-reversion-bot,mean_reversion,medium,TREND_DOWN,0,0,0,0.0,100000.0,100000.0,0.0,0.0,0.0,0.0,0.0,0.363234,False
2026-05-02T01:27:33.103625+00:00,2026-05-02T01:27:48.184715+00:00,momentum-bot,momentum,medium,TREND_DOWN,0,0,0,0.0,100000.0,100000.0,0.0,0.0,0.0,0.0,0.0,0.363234,False
2026-05-02T01:27:48.185493+00:00,2026-05-02T01:28:03.253428+00:00,baseline-bot,baseline_random,low,TREND_UP,6,4,2,7.0,99267.14,99973.09,-26.91,30.86,1.0,1.3333,100.25,0.348191,False
2026-05-02T01:27:48.185493+00:00,2026-05-02T01:28:03.253428+00:00,mean-reversion-bot,mean_reversion,medium,TREND_UP,0,0,0,0.0,100000.0,100000.0,0.0,0.0,0.0,0.0,0.0,0.348191,False
2026-05-02T01:27:48.185493+00:00,2026-05-02T01:28:03.253428+00:00,momentum-bot,momentum,medium,TREND_UP,1,1,0,3.0,99698.74,100001.29,1.29,0.0,1.0,3.0,100.42,0.348191,True
2026-05-02T01:28:03.254259+00:00,2026-05-02T01:28:18.336653+00:00,baseline-bot,baseline_random,low,TREND_DOWN,0,0,0,7.0,99267.14,99964.34,-35.66,39.61,0.0,0.0,0.0,0.363234,False
2026-05-02T01:28:03.254259+00:00,2026-05-02T01:28:18.336653+00:00,mean-reversion-bot,mean_reversion,medium,TREND_DOWN,0,0,0,0.0,100000.0,100000.0,0.0,0.0,0.0,0.0,0.0,0.363234,False
2026-05-02T01:28:03.254259+00:00,2026-05-02T01:28:18.336653+00:00,momentum-bot,momentum,medium,TREND_DOWN,15,9,6,12.0,98777.47,99972.67,-27.33,28.62,1.0,3.0,100.4713,0.363234,False
2026-05-02T01:28:18.339475+00:00,2026-05-02T01:28:33.376385+00:00,baseline-bot,baseline_random,low,TREND_UP,0,0,0,7.0,99267.14,99973.09,-26.91,30.86,0.0,0.0,0.0,0.348191,False
2026-05-02T01:28:18.339475+00:00,2026-05-02T01:28:33.376385+00:00,mean-reversion-bot,mean_reversion,medium,TREND_UP,0,0,0,0.0,100000.0,100000.0,0.0,0.0,0.0,0.0,0.0,0.348191,False
2026-05-02T01:28:18.339475+00:00,2026-05-02T01:28:33.376385+00:00,momentum-bot,momentum,medium,TREND_UP,15,9,6,21.0,97859.5,99977.35,-22.65,23.94,1.0,3.0,100.322,0.348191,False
2026-05-02T01:28:33.377098+00:00,2026-05-02T01:28:48.440484+00:00,baseline-bot,baseline_random,low,TREND_DOWN,0,0,0,7.0,99267.14,99964.34,-35.66,39.61,0.0,0.0,0.0,0.363234,False
2026-05-02T01:28:33.377098+00:00,2026-05-02T01:28:48.440484+00:00,mean-reversion-bot,mean_reversion,medium,TREND_DOWN,0,0,0,0.0,100000.0,100000.0,0.0,0.0,0.0,0.0,0.0,0.363234,False
2026-05-02T01:28:33.377098+00:00,2026-05-02T01:28:48.440484+00:00,momentum-bot,momentum,medium,TREND_DOWN,15,9,6,30.0,96938.02,99926.02,-73.98,75.27,1.0,3.0,100.468,0.363234,False
2026-05-02T01:28:48.441142+00:00,2026-05-02T01:28:59.411164+00:00,baseline-bot,baseline_random,low,TREND_UP,0,0,0,7.0,99267.14,99964.34,-35.66,39.61,0.0,0.0,0.0,0.349956,False
2026-05-02T01:28:48.441142+00:00,2026-05-02T01:28:59.411164+00:00,mean-reversion-bot,mean_reversion,medium,TREND_UP,0,0,0,0.0,100000.0,100000.0,0.0,0.0,0.0,0.0,0.0,0.349956,False
2026-05-02T01:28:48.441142+00:00,2026-05-02T01:28:59.411164+00:00,momentum-bot,momentum,medium,TREND_UP,10,6,4,36.0,96324.97,99910.57,-89.43,90.72,1.0,3.0,100.393,0.349956,False
